FirebaseUserUid,CardCount,Duration,AverageEaseFactor,AverageRepetitions,StudiedAt
t5j7pKciWueXhIFctDKKWikt8dB3,26,935,2.22,3.81,2024-12-04T21:32:37
WkmN9t0rnNPqjoy0ZwPlvrO8TAF3,19,364,2.3,3.86,2024-12-09T01:32:37
GaEKRP68uxfYzAgtiCkRsqXY9g22,40,3035,1.6,3.61,2024-11-28T10:32:37
tq4oAbtsNzgkg0h3F1U2NLnlqVA3,37,1497,1.99,1.7,2024-11-27T10:32:37
JEQnUMsoZTXKkYxv4x4MRx7aaj03,18,1090,1.69,2.47,2024-11-21T22:32:37
JgxLYJjCGec8B4lIAYQvhrTQsAL2,19,1691,1.41,3.88,2024-12-10T10:32:37
tq4oAbtsNzgkg0h3F1U2NLnlqVA3,11,257,2.4,3.5,2024-11-30T12:32:37
JgxLYJjCGec8B4lIAYQvhrTQsAL2,45,340,2.56,2.08,2024-12-10T01:32:37
JgxLYJjCGec8B4lIAYQvhrTQsAL2,47,2044,2.12,3.72,2024-11-21T18:32:37
WkmN9t0rnNPqjoy0ZwPlvrO8TAF3,36,870,2.39,3.22,2024-12-11T06:32:37
JgxLYJjCGec8B4lIAYQvhrTQsAL2,16,1071,1.77,1.68,2024-12-08T00:32:37
2mtrAfkE6OhWm5ZxNN53vvdcFuB3,40,303,2.59,3.62,2024-11-16T04:32:37
WkmN9t0rnNPqjoy0ZwPlvrO8TAF3,45,2462,1.74,3.49,2024-11-15T19:32:37
Bjk4lSJc0be7dPWSLVwRrmiNiU93,17,807,1.82,2.41,2024-11-13T03:32:37
JEQnUMsoZTXKkYxv4x4MRx7aaj03,43,1799,1.77,3.66,2024-12-07T23:32:37
WkmN9t0rnNPqjoy0ZwPlvrO8TAF3,20,280,2.44,2.36,2024-11-19T22:32:37
t5j7pKciWueXhIFctDKKWikt8dB3,16,1460,1.53,3.57,2024-11-18T14:32:37
tq4oAbtsNzgkg0h3F1U2NLnlqVA3,21,415,2.4,3.82,2024-11-21T09:32:37
WkmN9t0rnNPqjoy0ZwPlvrO8TAF3,40,2635,1.48,3.28,2024-11-13T22:32:37
2mtrAfkE6OhWm5ZxNN53vvdcFuB3,21,929,1.88,2.56,2024-11-18T05:32:37
t5j7pKciWueXhIFctDKKWikt8dB3,24,1557,1.67,1.68,2024-12-04T07:32:37
R7skfIHBOyYOE32ioVreIP9nQLG2,10,284,2.2,1.34,2024-12-11T04:32:37
2mtrAfkE6OhWm5ZxNN53vvdcFuB3,11,852,1.47,1.81,2024-11-29T16:32:37
t5j7pKciWueXhIFctDKKWikt8dB3,46,2975,1.93,1.75,2024-11-12T18:32:37
oYsdGWC18NT9OnJJcnIfct63wEz1,40,390,2.57,2.66,2024-11-19T00:32:37
t5j7pKciWueXhIFctDKKWikt8dB3,41,2428,1.76,3.34,2024-11-27T11:32:37
GaEKRP68uxfYzAgtiCkRsqXY9g22,28,2066,1.47,2.82,2024-11-21T21:32:37
t5j7pKciWueXhIFctDKKWikt8dB3,15,535,2.29,2.44,2024-12-08T21:32:37
GaEKRP68uxfYzAgtiCkRsqXY9g22,37,2566,1.34,2.89,2024-12-08T01:32:37
t5j7pKciWueXhIFctDKKWikt8dB3,37,750,2.44,1.38,2024-11-22T05:32:37
JgxLYJjCGec8B4lIAYQvhrTQsAL2,39,1474,2,2.53,2024-12-09T13:32:37
2mtrAfkE6OhWm5ZxNN53vvdcFuB3,30,820,2.13,2.49,2024-12-04T02:32:37
t5j7pKciWueXhIFctDKKWikt8dB3,17,942,2.04,1.6,2024-11-19T01:32:37
oYsdGWC18NT9OnJJcnIfct63wEz1,38,595,2.41,2.36,2024-11-19T11:32:37
2mtrAfkE6OhWm5ZxNN53vvdcFuB3,32,3229,1.54,3.91,2024-11-21T01:32:37
JEQnUMsoZTXKkYxv4x4MRx7aaj03,17,38,2.66,2.5,2024-11-27T09:32:37
R7skfIHBOyYOE32ioVreIP9nQLG2,37,1580,1.81,3,2024-11-20T01:32:37
GaEKRP68uxfYzAgtiCkRsqXY9g22,42,2891,1.85,3.92,2024-11-14T18:32:37
JEQnUMsoZTXKkYxv4x4MRx7aaj03,31,1227,1.82,2.71,2024-11-17T10:32:37
WkmN9t0rnNPqjoy0ZwPlvrO8TAF3,14,231,2.41,1.69,2024-11-24T05:32:37
JEQnUMsoZTXKkYxv4x4MRx7aaj03,41,2140,1.54,2.67,2024-12-06T22:32:37
JEQnUMsoZTXKkYxv4x4MRx7aaj03,28,779,2.12,3.48,2024-12-08T22:32:37
JEQnUMsoZTXKkYxv4x4MRx7aaj03,38,885,2.33,3.67,2024-11-21T01:32:37
tq4oAbtsNzgkg0h3F1U2NLnlqVA3,15,1143,1.49,3.95,2024-11-15T06:32:37
R7skfIHBOyYOE32ioVreIP9nQLG2,28,362,2.52,3.91,2024-11-19T11:32:37
JgxLYJjCGec8B4lIAYQvhrTQsAL2,33,1464,1.83,2.25,2024-11-12T22:32:37
JEQnUMsoZTXKkYxv4x4MRx7aaj03,37,2960,1.43,2.87,2024-12-08T00:32:37
WkmN9t0rnNPqjoy0ZwPlvrO8TAF3,32,2027,1.38,1.75,2024-11-16T22:32:37
JgxLYJjCGec8B4lIAYQvhrTQsAL2,48,2658,1.99,2.26,2024-12-05T03:32:37
JgxLYJjCGec8B4lIAYQvhrTQsAL2,35,1556,2.13,1.8,2024-11-21T11:32:37
R7skfIHBOyYOE32ioVreIP9nQLG2,29,195,2.61,2.72,2024-11-12T19:32:37
GaEKRP68uxfYzAgtiCkRsqXY9g22,42,3832,1.53,1.38,2024-12-05T16:32:37
WkmN9t0rnNPqjoy0ZwPlvrO8TAF3,21,1905,1.44,2.01,2024-11-13T09:32:37
oYsdGWC18NT9OnJJcnIfct63wEz1,14,468,2.08,2.02,2024-11-25T14:32:37
oYsdGWC18NT9OnJJcnIfct63wEz1,36,2384,1.78,2.11,2024-11-16T22:32:37
t5j7pKciWueXhIFctDKKWikt8dB3,20,1214,1.82,1.89,2024-12-04T16:32:37
t5j7pKciWueXhIFctDKKWikt8dB3,38,1057,2.12,1.66,2024-11-23T01:32:37
tq4oAbtsNzgkg0h3F1U2NLnlqVA3,40,252,2.56,2.59,2024-11-25T22:32:37
JgxLYJjCGec8B4lIAYQvhrTQsAL2,25,1535,1.81,3.24,2024-11-20T17:32:37
R7skfIHBOyYOE32ioVreIP9nQLG2,22,2106,1.37,3.4,2024-12-07T04:32:37
JgxLYJjCGec8B4lIAYQvhrTQsAL2,17,1467,1.33,3.7,2024-12-02T22:32:37
GaEKRP68uxfYzAgtiCkRsqXY9g22,17,914,2.01,3.01,2024-11-28T03:32:37
Bjk4lSJc0be7dPWSLVwRrmiNiU93,27,1302,2.03,3.6,2024-12-01T11:32:37
2mtrAfkE6OhWm5ZxNN53vvdcFuB3,10,887,1.68,2.64,2024-11-17T21:32:37
oYsdGWC18NT9OnJJcnIfct63wEz1,41,2195,1.51,2.07,2024-11-25T11:32:37
JgxLYJjCGec8B4lIAYQvhrTQsAL2,28,499,2.35,3.33,2024-12-05T06:32:37
t5j7pKciWueXhIFctDKKWikt8dB3,27,123,2.62,3.34,2024-12-04T22:32:37
R7skfIHBOyYOE32ioVreIP9nQLG2,10,352,2.28,2.79,2024-12-04T00:32:37
WkmN9t0rnNPqjoy0ZwPlvrO8TAF3,42,3327,1.31,3.04,2024-11-27T07:32:37
JEQnUMsoZTXKkYxv4x4MRx7aaj03,29,643,2.33,3.64,2024-12-05T01:32:37
Bjk4lSJc0be7dPWSLVwRrmiNiU93,44,3009,1.56,2.63,2024-11-16T00:32:37
GaEKRP68uxfYzAgtiCkRsqXY9g22,37,1221,2.26,2.25,2024-11-20T09:32:37
R7skfIHBOyYOE32ioVreIP9nQLG2,26,823,2.22,3.69,2024-11-29T09:32:37
t5j7pKciWueXhIFctDKKWikt8dB3,23,579,2.28,1.47,2024-12-01T10:32:37
JgxLYJjCGec8B4lIAYQvhrTQsAL2,46,3346,1.73,1.58,2024-12-02T10:32:37
JEQnUMsoZTXKkYxv4x4MRx7aaj03,48,31,2.69,3.81,2024-11-28T04:32:37
WkmN9t0rnNPqjoy0ZwPlvrO8TAF3,21,442,2.43,2.35,2024-11-22T07:32:37
oYsdGWC18NT9OnJJcnIfct63wEz1,46,1640,2.29,3.65,2024-11-30T11:32:37
oYsdGWC18NT9OnJJcnIfct63wEz1,11,1072,1.45,3.48,2024-11-25T16:32:37
GaEKRP68uxfYzAgtiCkRsqXY9g22,39,2702,1.6,3.47,2024-11-30T10:32:37
WkmN9t0rnNPqjoy0ZwPlvrO8TAF3,34,1762,1.62,3.73,2024-11-28T00:32:37
WkmN9t0rnNPqjoy0ZwPlvrO8TAF3,13,168,2.52,3.41,2024-12-11T01:32:37
oYsdGWC18NT9OnJJcnIfct63wEz1,27,2055,1.76,3.65,2024-11-23T21:32:37
t5j7pKciWueXhIFctDKKWikt8dB3,38,3438,1.66,3.11,2024-11-12T22:32:37
oYsdGWC18NT9OnJJcnIfct63wEz1,44,1755,2,2.49,2024-12-06T20:32:37
R7skfIHBOyYOE32ioVreIP9nQLG2,13,1246,1.31,1.64,2024-11-22T03:32:37
t5j7pKciWueXhIFctDKKWikt8dB3,39,994,2.36,2.6,2024-12-09T06:32:37
oYsdGWC18NT9OnJJcnIfct63wEz1,21,657,2.12,2.06,2024-11-29T02:32:37
2mtrAfkE6OhWm5ZxNN53vvdcFuB3,31,3208,1.32,3.33,2024-12-04T06:32:37
WkmN9t0rnNPqjoy0ZwPlvrO8TAF3,22,380,2.38,1.66,2024-12-08T21:32:37
JEQnUMsoZTXKkYxv4x4MRx7aaj03,49,3745,1.72,2.53,2024-11-28T22:32:37
GaEKRP68uxfYzAgtiCkRsqXY9g22,38,1538,1.95,3.59,2024-11-16T14:32:37
tq4oAbtsNzgkg0h3F1U2NLnlqVA3,20,442,2.29,3.12,2024-11-14T04:32:37
t5j7pKciWueXhIFctDKKWikt8dB3,47,1582,2.04,3.92,2024-12-06T01:32:37
R7skfIHBOyYOE32ioVreIP9nQLG2,16,846,2.07,2.94,2024-11-29T23:32:37
GaEKRP68uxfYzAgtiCkRsqXY9g22,28,1485,2.09,2.09,2024-11-17T05:32:37
JgxLYJjCGec8B4lIAYQvhrTQsAL2,22,181,2.59,3.38,2024-11-28T22:32:37
oYsdGWC18NT9OnJJcnIfct63wEz1,46,1435,2.18,1.38,2024-11-16T17:32:37
JgxLYJjCGec8B4lIAYQvhrTQsAL2,48,1367,2.2,2.48,2024-11-26T13:32:37
2mtrAfkE6OhWm5ZxNN53vvdcFuB3,44,2692,1.34,3.08,2024-11-16T22:32:37
t5j7pKciWueXhIFctDKKWikt8dB3,29,2157,1.46,2.15,2024-11-14T08:32:37
JEQnUMsoZTXKkYxv4x4MRx7aaj03,28,2154,1.75,1.45,2024-12-01T04:32:37
oYsdGWC18NT9OnJJcnIfct63wEz1,48,2502,1.91,3.38,2024-11-27T18:32:37
tq4oAbtsNzgkg0h3F1U2NLnlqVA3,39,2287,1.85,1.36,2024-12-11T02:32:37
JEQnUMsoZTXKkYxv4x4MRx7aaj03,44,1136,2.29,2.25,2024-12-08T02:32:37
JgxLYJjCGec8B4lIAYQvhrTQsAL2,45,3360,1.39,3.18,2024-11-16T03:32:37
2mtrAfkE6OhWm5ZxNN53vvdcFuB3,16,966,1.64,2.32,2024-12-10T10:32:37
WkmN9t0rnNPqjoy0ZwPlvrO8TAF3,46,1704,2.05,1.57,2024-11-28T21:32:37
WkmN9t0rnNPqjoy0ZwPlvrO8TAF3,16,145,2.54,3.49,2024-11-15T06:32:37
JEQnUMsoZTXKkYxv4x4MRx7aaj03,38,1738,2.09,3.67,2024-12-04T23:32:37
GaEKRP68uxfYzAgtiCkRsqXY9g22,24,1399,1.98,2.18,2024-11-14T12:32:37
JgxLYJjCGec8B4lIAYQvhrTQsAL2,12,898,1.66,2.27,2024-11-21T08:32:37
oYsdGWC18NT9OnJJcnIfct63wEz1,16,1607,1.46,2.47,2024-11-21T02:32:37
t5j7pKciWueXhIFctDKKWikt8dB3,40,3139,1.61,1.75,2024-11-21T11:32:37
R7skfIHBOyYOE32ioVreIP9nQLG2,19,707,2.16,2.12,2024-12-01T19:32:37
GaEKRP68uxfYzAgtiCkRsqXY9g22,39,2527,1.62,3.66,2024-11-29T11:32:37
JgxLYJjCGec8B4lIAYQvhrTQsAL2,44,1323,2.11,1.84,2024-11-16T21:32:37
2mtrAfkE6OhWm5ZxNN53vvdcFuB3,26,195,2.6,1.63,2024-12-04T04:32:37
R7skfIHBOyYOE32ioVreIP9nQLG2,45,2193,2.05,2.41,2024-11-30T00:32:37
Bjk4lSJc0be7dPWSLVwRrmiNiU93,17,1790,1.4,2.99,2024-11-28T22:32:37
JgxLYJjCGec8B4lIAYQvhrTQsAL2,10,445,2.15,4,2024-12-08T22:32:37
JEQnUMsoZTXKkYxv4x4MRx7aaj03,45,311,2.59,2.78,2024-12-01T02:32:37
tq4oAbtsNzgkg0h3F1U2NLnlqVA3,19,177,2.57,1.8,2024-12-09T07:32:37
2mtrAfkE6OhWm5ZxNN53vvdcFuB3,48,324,2.61,2.91,2024-12-10T09:32:37
tq4oAbtsNzgkg0h3F1U2NLnlqVA3,41,1023,2.18,2.46,2024-11-14T05:32:37
R7skfIHBOyYOE32ioVreIP9nQLG2,31,1324,1.81,2.31,2024-12-10T04:32:37
tq4oAbtsNzgkg0h3F1U2NLnlqVA3,34,2652,1.66,1.95,2024-11-14T16:32:37
t5j7pKciWueXhIFctDKKWikt8dB3,20,643,2.33,2.15,2024-11-30T08:32:37
GaEKRP68uxfYzAgtiCkRsqXY9g22,49,4074,1.38,2.98,2024-11-16T02:32:37
JgxLYJjCGec8B4lIAYQvhrTQsAL2,35,2159,1.49,3.69,2024-11-29T03:32:37
JgxLYJjCGec8B4lIAYQvhrTQsAL2,18,1534,1.72,2.91,2024-11-23T11:32:37
JgxLYJjCGec8B4lIAYQvhrTQsAL2,20,1081,1.64,3.17,2024-11-24T10:32:37
JgxLYJjCGec8B4lIAYQvhrTQsAL2,17,1878,1.43,1.48,2024-11-19T04:32:37
GaEKRP68uxfYzAgtiCkRsqXY9g22,23,2103,1.43,1.47,2024-11-29T23:32:37
R7skfIHBOyYOE32ioVreIP9nQLG2,32,1213,1.91,3.29,2024-11-26T13:32:37
t5j7pKciWueXhIFctDKKWikt8dB3,15,963,1.44,3.77,2024-12-04T18:32:37
GaEKRP68uxfYzAgtiCkRsqXY9g22,25,108,2.65,2.36,2024-12-05T22:32:37
WkmN9t0rnNPqjoy0ZwPlvrO8TAF3,31,2427,1.8,3.36,2024-11-12T19:32:37
2mtrAfkE6OhWm5ZxNN53vvdcFuB3,37,1038,2.31,3.31,2024-11-27T07:32:37
2mtrAfkE6OhWm5ZxNN53vvdcFuB3,40,2472,1.67,2.26,2024-11-14T14:32:37
Bjk4lSJc0be7dPWSLVwRrmiNiU93,33,237,2.55,2.75,2024-11-12T17:32:37
WkmN9t0rnNPqjoy0ZwPlvrO8TAF3,43,2515,1.92,2.8,2024-11-16T05:32:37
GaEKRP68uxfYzAgtiCkRsqXY9g22,45,3322,1.63,3.72,2024-11-22T17:32:37
2mtrAfkE6OhWm5ZxNN53vvdcFuB3,32,638,2.35,2.96,2024-12-06T02:32:37
JgxLYJjCGec8B4lIAYQvhrTQsAL2,49,2704,1.55,3.11,2024-12-01T13:32:37
JEQnUMsoZTXKkYxv4x4MRx7aaj03,30,2570,1.68,3.08,2024-11-30T12:32:37
tq4oAbtsNzgkg0h3F1U2NLnlqVA3,28,41,2.68,3.65,2024-12-05T18:32:37
t5j7pKciWueXhIFctDKKWikt8dB3,24,313,2.41,1.78,2024-11-20T01:32:37
t5j7pKciWueXhIFctDKKWikt8dB3,32,524,2.49,3.62,2024-11-29T10:32:37
WkmN9t0rnNPqjoy0ZwPlvrO8TAF3,13,762,1.85,1.95,2024-12-04T20:32:37
oYsdGWC18NT9OnJJcnIfct63wEz1,27,1900,1.32,1.89,2024-11-29T23:32:37
GaEKRP68uxfYzAgtiCkRsqXY9g22,34,1738,1.99,3.84,2024-11-16T17:32:37
JEQnUMsoZTXKkYxv4x4MRx7aaj03,33,855,2.22,2.69,2024-11-20T11:32:37
oYsdGWC18NT9OnJJcnIfct63wEz1,30,2293,1.72,3.71,2024-12-06T23:32:37
tq4oAbtsNzgkg0h3F1U2NLnlqVA3,30,1555,1.62,3.61,2024-11-25T19:32:37
t5j7pKciWueXhIFctDKKWikt8dB3,28,1169,1.83,3.24,2024-11-26T18:32:37
tq4oAbtsNzgkg0h3F1U2NLnlqVA3,37,1598,1.74,2.19,2024-11-18T16:32:37
WkmN9t0rnNPqjoy0ZwPlvrO8TAF3,35,1638,2.05,2.54,2024-12-10T19:32:37
tq4oAbtsNzgkg0h3F1U2NLnlqVA3,32,2004,1.54,3.89,2024-11-14T14:32:37
JgxLYJjCGec8B4lIAYQvhrTQsAL2,22,356,2.34,2.45,2024-11-27T18:32:37
Bjk4lSJc0be7dPWSLVwRrmiNiU93,15,907,1.74,1.8,2024-11-26T10:32:37
Bjk4lSJc0be7dPWSLVwRrmiNiU93,25,1996,1.49,2.13,2024-12-05T08:32:37
GaEKRP68uxfYzAgtiCkRsqXY9g22,43,4303,1.31,2.8,2024-12-03T13:32:37
oYsdGWC18NT9OnJJcnIfct63wEz1,10,727,1.73,3.67,2024-11-18T04:32:37
WkmN9t0rnNPqjoy0ZwPlvrO8TAF3,16,626,2.25,2.58,2024-11-26T05:32:37
t5j7pKciWueXhIFctDKKWikt8dB3,11,688,1.31,2.67,2024-12-01T17:32:37
JgxLYJjCGec8B4lIAYQvhrTQsAL2,33,2255,1.36,1.33,2024-12-10T17:32:37
t5j7pKciWueXhIFctDKKWikt8dB3,15,1506,1.46,3.18,2024-11-17T12:32:37
t5j7pKciWueXhIFctDKKWikt8dB3,44,605,2.53,1.76,2024-12-04T22:32:37
Bjk4lSJc0be7dPWSLVwRrmiNiU93,23,2384,1.42,2.82,2024-11-15T06:32:37
oYsdGWC18NT9OnJJcnIfct63wEz1,23,425,2.48,1.94,2024-11-17T07:32:37
oYsdGWC18NT9OnJJcnIfct63wEz1,17,489,2.1,3.63,2024-11-25T16:32:37
t5j7pKciWueXhIFctDKKWikt8dB3,38,1747,1.97,3.39,2024-11-14T23:32:37
2mtrAfkE6OhWm5ZxNN53vvdcFuB3,50,2208,1.78,3.07,2024-12-05T17:32:37
2mtrAfkE6OhWm5ZxNN53vvdcFuB3,44,3112,1.39,3.53,2024-11-14T16:32:37
WkmN9t0rnNPqjoy0ZwPlvrO8TAF3,25,759,2.26,2.55,2024-11-26T23:32:37
oYsdGWC18NT9OnJJcnIfct63wEz1,16,599,2.18,2.04,2024-12-05T18:32:37
JEQnUMsoZTXKkYxv4x4MRx7aaj03,33,249,2.56,1.91,2024-12-01T08:32:37
2mtrAfkE6OhWm5ZxNN53vvdcFuB3,21,595,2.25,3.81,2024-11-24T01:32:37
R7skfIHBOyYOE32ioVreIP9nQLG2,27,563,2.41,1.51,2024-11-18T17:32:37
tq4oAbtsNzgkg0h3F1U2NLnlqVA3,17,1145,1.63,1.98,2024-12-07T23:32:37
2mtrAfkE6OhWm5ZxNN53vvdcFuB3,27,222,2.59,3.47,2024-11-20T06:32:37
2mtrAfkE6OhWm5ZxNN53vvdcFuB3,16,353,2.24,3.1,2024-11-29T21:32:37
t5j7pKciWueXhIFctDKKWikt8dB3,20,165,2.58,1.45,2024-11-28T11:32:37
JgxLYJjCGec8B4lIAYQvhrTQsAL2,16,576,1.9,3.39,2024-11-23T23:32:37
JgxLYJjCGec8B4lIAYQvhrTQsAL2,42,578,2.43,3.55,2024-11-24T21:32:37
WkmN9t0rnNPqjoy0ZwPlvrO8TAF3,50,1510,2.17,3.63,2024-11-17T19:32:37
2mtrAfkE6OhWm5ZxNN53vvdcFuB3,37,3250,1.48,2.66,2024-11-26T09:32:37
JEQnUMsoZTXKkYxv4x4MRx7aaj03,26,1591,1.68,2.98,2024-11-30T12:32:37
t5j7pKciWueXhIFctDKKWikt8dB3,11,83,2.56,3.95,2024-11-15T05:32:37
t5j7pKciWueXhIFctDKKWikt8dB3,14,1168,1.49,2.92,2024-12-01T13:32:37
JEQnUMsoZTXKkYxv4x4MRx7aaj03,30,405,2.52,3.8,2024-12-01T19:32:37
tq4oAbtsNzgkg0h3F1U2NLnlqVA3,15,610,2.11,3.66,2024-11-22T10:32:37
oYsdGWC18NT9OnJJcnIfct63wEz1,13,125,2.56,3.93,2024-12-06T05:32:37
2mtrAfkE6OhWm5ZxNN53vvdcFuB3,25,1462,1.95,3.7,2024-11-30T02:32:37
JgxLYJjCGec8B4lIAYQvhrTQsAL2,15,877,1.92,1.56,2024-11-16T13:32:37
oYsdGWC18NT9OnJJcnIfct63wEz1,34,3096,1.32,1.59,2024-11-26T19:32:37
tq4oAbtsNzgkg0h3F1U2NLnlqVA3,18,43,2.67,1.32,2024-11-25T08:32:37
oYsdGWC18NT9OnJJcnIfct63wEz1,27,3016,1.37,1.38,2024-11-24T04:32:37
2mtrAfkE6OhWm5ZxNN53vvdcFuB3,24,483,2.46,2.85,2024-11-25T02:32:37
t5j7pKciWueXhIFctDKKWikt8dB3,49,808,2.48,3.2,2024-11-30T07:32:37
WkmN9t0rnNPqjoy0ZwPlvrO8TAF3,22,2162,1.53,3.81,2024-12-01T05:32:37
2mtrAfkE6OhWm5ZxNN53vvdcFuB3,32,474,2.51,1.86,2024-11-15T08:32:37
JEQnUMsoZTXKkYxv4x4MRx7aaj03,49,1960,2.24,1.34,2024-11-20T03:32:37
JgxLYJjCGec8B4lIAYQvhrTQsAL2,45,2405,1.71,2.53,2024-11-20T03:32:37
2mtrAfkE6OhWm5ZxNN53vvdcFuB3,12,57,2.6,1.79,2024-11-14T00:32:37
oYsdGWC18NT9OnJJcnIfct63wEz1,30,67,2.67,1.59,2024-11-17T16:32:37
2mtrAfkE6OhWm5ZxNN53vvdcFuB3,42,4028,1.31,3.63,2024-11-22T07:32:37
R7skfIHBOyYOE32ioVreIP9nQLG2,50,1124,2.4,2.11,2024-12-08T17:32:37
tq4oAbtsNzgkg0h3F1U2NLnlqVA3,27,247,2.52,2.53,2024-12-10T02:32:37
WkmN9t0rnNPqjoy0ZwPlvrO8TAF3,41,2033,1.83,2.48,2024-12-03T16:32:37
tq4oAbtsNzgkg0h3F1U2NLnlqVA3,31,401,2.43,2.64,2024-12-09T17:32:37
WkmN9t0rnNPqjoy0ZwPlvrO8TAF3,40,183,2.61,3.97,2024-12-09T11:32:37
Bjk4lSJc0be7dPWSLVwRrmiNiU93,35,31,2.68,3.79,2024-11-29T10:32:37
t5j7pKciWueXhIFctDKKWikt8dB3,46,1651,2.13,2.86,2024-11-28T08:32:37
Bjk4lSJc0be7dPWSLVwRrmiNiU93,46,2931,1.52,2.76,2024-11-22T06:32:37
R7skfIHBOyYOE32ioVreIP9nQLG2,11,326,2.32,1.83,2024-11-16T11:32:37
Bjk4lSJc0be7dPWSLVwRrmiNiU93,28,2585,1.56,3.11,2024-12-11T09:32:37
JEQnUMsoZTXKkYxv4x4MRx7aaj03,30,861,2.37,1.3,2024-11-19T10:32:37
WkmN9t0rnNPqjoy0ZwPlvrO8TAF3,18,1525,1.57,3.15,2024-11-14T19:32:37
t5j7pKciWueXhIFctDKKWikt8dB3,49,2062,2.09,3.79,2024-11-17T07:32:37
2mtrAfkE6OhWm5ZxNN53vvdcFuB3,31,2720,1.53,2.25,2024-12-06T05:32:37
JgxLYJjCGec8B4lIAYQvhrTQsAL2,39,1375,2.14,1.93,2024-12-08T17:32:37
GaEKRP68uxfYzAgtiCkRsqXY9g22,21,735,1.97,2.13,2024-11-28T19:32:37
oYsdGWC18NT9OnJJcnIfct63wEz1,47,1302,2.37,3.93,2024-12-09T22:32:37
JEQnUMsoZTXKkYxv4x4MRx7aaj03,17,358,2.43,2.71,2024-11-24T20:32:37
t5j7pKciWueXhIFctDKKWikt8dB3,23,620,2.39,1.45,2024-11-22T13:32:37
2mtrAfkE6OhWm5ZxNN53vvdcFuB3,41,1648,2.03,3.55,2024-11-28T05:32:37
R7skfIHBOyYOE32ioVreIP9nQLG2,49,840,2.48,1.51,2024-12-04T10:32:37
WkmN9t0rnNPqjoy0ZwPlvrO8TAF3,35,1354,1.84,3.03,2024-11-29T10:32:37
R7skfIHBOyYOE32ioVreIP9nQLG2,44,5244,1.33,1.42,2024-11-26T16:32:37
JgxLYJjCGec8B4lIAYQvhrTQsAL2,25,713,2.14,2.94,2024-11-15T00:32:37
tq4oAbtsNzgkg0h3F1U2NLnlqVA3,12,976,1.57,3.83,2024-11-26T03:32:37
JgxLYJjCGec8B4lIAYQvhrTQsAL2,46,2666,1.86,2.32,2024-11-17T05:32:37
tq4oAbtsNzgkg0h3F1U2NLnlqVA3,28,2275,1.41,1.45,2024-12-02T04:32:37
JgxLYJjCGec8B4lIAYQvhrTQsAL2,24,316,2.48,1.84,2024-11-24T22:32:37
JgxLYJjCGec8B4lIAYQvhrTQsAL2,13,93,2.58,1.83,2024-11-14T17:32:37
R7skfIHBOyYOE32ioVreIP9nQLG2,33,392,2.52,2.11,2024-11-29T23:32:37
t5j7pKciWueXhIFctDKKWikt8dB3,10,622,1.87,2.47,2024-11-28T13:32:37
GaEKRP68uxfYzAgtiCkRsqXY9g22,43,2321,1.95,2.8,2024-11-21T22:32:37
Bjk4lSJc0be7dPWSLVwRrmiNiU93,41,0,2.7,2.58,2024-11-29T23:32:37
t5j7pKciWueXhIFctDKKWikt8dB3,38,837,2.21,3.4,2024-11-30T00:32:37
WkmN9t0rnNPqjoy0ZwPlvrO8TAF3,26,2129,1.4,2.55,2024-11-13T11:32:37
WkmN9t0rnNPqjoy0ZwPlvrO8TAF3,49,5712,1.36,3.79,2024-11-20T11:32:37
Bjk4lSJc0be7dPWSLVwRrmiNiU93,18,501,2.12,2.4,2024-12-02T09:32:37
WkmN9t0rnNPqjoy0ZwPlvrO8TAF3,28,1356,1.75,2.55,2024-12-07T13:32:37
WkmN9t0rnNPqjoy0ZwPlvrO8TAF3,14,1013,1.36,3.1,2024-12-08T07:32:37
JEQnUMsoZTXKkYxv4x4MRx7aaj03,11,89,2.54,2.95,2024-12-11T00:32:37
JgxLYJjCGec8B4lIAYQvhrTQsAL2,12,1051,1.43,2.89,2024-11-27T17:32:37
Bjk4lSJc0be7dPWSLVwRrmiNiU93,37,1538,1.93,3.78,2024-12-10T04:32:37
2mtrAfkE6OhWm5ZxNN53vvdcFuB3,25,1136,1.69,3.13,2024-11-28T04:32:37
Bjk4lSJc0be7dPWSLVwRrmiNiU93,47,5070,1.46,1.96,2024-11-22T09:32:37
tq4oAbtsNzgkg0h3F1U2NLnlqVA3,39,2068,2.02,2.48,2024-12-03T10:32:37
JEQnUMsoZTXKkYxv4x4MRx7aaj03,21,1753,1.54,2.21,2024-11-27T23:32:37
t5j7pKciWueXhIFctDKKWikt8dB3,49,635,2.54,1.92,2024-11-23T12:32:37
JgxLYJjCGec8B4lIAYQvhrTQsAL2,17,523,2.32,2.25,2024-11-16T02:32:37
tq4oAbtsNzgkg0h3F1U2NLnlqVA3,25,1710,1.56,3.63,2024-12-05T10:32:37
2mtrAfkE6OhWm5ZxNN53vvdcFuB3,41,830,2.25,1.77,2024-12-07T13:32:37
Bjk4lSJc0be7dPWSLVwRrmiNiU93,37,976,2.26,1.46,2024-12-01T18:32:37
t5j7pKciWueXhIFctDKKWikt8dB3,31,1093,2.21,1.92,2024-11-19T04:32:37
Bjk4lSJc0be7dPWSLVwRrmiNiU93,18,653,2.15,3.44,2024-12-06T18:32:37
JEQnUMsoZTXKkYxv4x4MRx7aaj03,18,607,1.95,2.89,2024-11-20T20:32:37
WkmN9t0rnNPqjoy0ZwPlvrO8TAF3,38,2848,1.51,1.36,2024-11-16T18:32:37
2mtrAfkE6OhWm5ZxNN53vvdcFuB3,47,3505,1.57,3.52,2024-12-06T08:32:37
oYsdGWC18NT9OnJJcnIfct63wEz1,45,2632,1.92,3.87,2024-11-21T04:32:37
t5j7pKciWueXhIFctDKKWikt8dB3,12,1234,1.43,1.91,2024-12-09T00:32:37
Bjk4lSJc0be7dPWSLVwRrmiNiU93,20,1512,1.65,2.88,2024-11-15T03:32:37
GaEKRP68uxfYzAgtiCkRsqXY9g22,44,924,2.35,3.17,2024-12-05T07:32:37
WkmN9t0rnNPqjoy0ZwPlvrO8TAF3,19,1822,1.31,1.35,2024-11-28T17:32:37
Bjk4lSJc0be7dPWSLVwRrmiNiU93,41,1569,2.26,2.85,2024-12-01T18:32:37
2mtrAfkE6OhWm5ZxNN53vvdcFuB3,39,222,2.6,2.78,2024-12-01T07:32:37
t5j7pKciWueXhIFctDKKWikt8dB3,17,881,2.06,3.68,2024-11-27T12:32:37
GaEKRP68uxfYzAgtiCkRsqXY9g22,32,2617,1.69,3.39,2024-12-09T01:32:37
2mtrAfkE6OhWm5ZxNN53vvdcFuB3,47,1040,2.29,3.06,2024-12-11T01:32:37
2mtrAfkE6OhWm5ZxNN53vvdcFuB3,36,1020,2.35,3.01,2024-11-29T13:32:37
Bjk4lSJc0be7dPWSLVwRrmiNiU93,44,3789,1.71,3.91,2024-11-29T04:32:37
2mtrAfkE6OhWm5ZxNN53vvdcFuB3,47,940,2.47,3.05,2024-12-09T23:32:37
tq4oAbtsNzgkg0h3F1U2NLnlqVA3,47,2030,1.9,2.15,2024-12-01T05:32:37
JgxLYJjCGec8B4lIAYQvhrTQsAL2,22,789,2.18,3.83,2024-11-16T09:32:37
t5j7pKciWueXhIFctDKKWikt8dB3,39,3325,1.72,3.83,2024-11-14T11:32:37
R7skfIHBOyYOE32ioVreIP9nQLG2,45,1950,1.85,1.72,2024-11-13T07:32:37
R7skfIHBOyYOE32ioVreIP9nQLG2,45,3073,1.71,2.67,2024-12-09T16:32:37
JgxLYJjCGec8B4lIAYQvhrTQsAL2,42,428,2.5,1.41,2024-12-03T10:32:37
Bjk4lSJc0be7dPWSLVwRrmiNiU93,33,2296,1.54,2.16,2024-12-10T17:32:37
oYsdGWC18NT9OnJJcnIfct63wEz1,40,97,2.67,1.72,2024-11-21T14:32:37
tq4oAbtsNzgkg0h3F1U2NLnlqVA3,20,1948,1.54,3.32,2024-11-18T02:32:37
2mtrAfkE6OhWm5ZxNN53vvdcFuB3,18,1064,2.02,2.26,2024-12-02T20:32:37
2mtrAfkE6OhWm5ZxNN53vvdcFuB3,37,638,2.47,1.6,2024-12-10T14:32:37
WkmN9t0rnNPqjoy0ZwPlvrO8TAF3,16,898,1.53,3.69,2024-11-13T06:32:37
WkmN9t0rnNPqjoy0ZwPlvrO8TAF3,13,50,2.65,1.96,2024-11-15T12:32:37
GaEKRP68uxfYzAgtiCkRsqXY9g22,32,779,2.41,3.88,2024-11-25T14:32:37
WkmN9t0rnNPqjoy0ZwPlvrO8TAF3,44,2564,2.03,2.73,2024-11-20T18:32:37
t5j7pKciWueXhIFctDKKWikt8dB3,33,244,2.57,3.32,2024-11-21T05:32:37
2mtrAfkE6OhWm5ZxNN53vvdcFuB3,14,946,1.72,1.54,2024-12-07T21:32:37
2mtrAfkE6OhWm5ZxNN53vvdcFuB3,34,485,2.42,2.51,2024-12-06T06:32:37
JEQnUMsoZTXKkYxv4x4MRx7aaj03,34,1836,1.5,2.64,2024-11-23T03:32:37
R7skfIHBOyYOE32ioVreIP9nQLG2,39,2113,1.84,3.34,2024-12-05T21:32:37
JEQnUMsoZTXKkYxv4x4MRx7aaj03,12,657,1.83,3.36,2024-12-02T10:32:37
WkmN9t0rnNPqjoy0ZwPlvrO8TAF3,11,746,1.92,2.27,2024-12-03T07:32:37
WkmN9t0rnNPqjoy0ZwPlvrO8TAF3,33,1343,2.11,3.27,2024-12-06T00:32:37
t5j7pKciWueXhIFctDKKWikt8dB3,26,648,2.18,2.85,2024-11-29T17:32:37
tq4oAbtsNzgkg0h3F1U2NLnlqVA3,13,1332,1.48,2.57,2024-12-05T16:32:37
R7skfIHBOyYOE32ioVreIP9nQLG2,10,690,1.55,3.73,2024-11-15T08:32:37
WkmN9t0rnNPqjoy0ZwPlvrO8TAF3,21,621,2.23,3.08,2024-12-06T03:32:37
tq4oAbtsNzgkg0h3F1U2NLnlqVA3,48,3064,1.58,3.41,2024-11-28T13:32:37
R7skfIHBOyYOE32ioVreIP9nQLG2,28,194,2.62,2.59,2024-12-09T23:32:37
JgxLYJjCGec8B4lIAYQvhrTQsAL2,33,1072,2.13,2.27,2024-11-13T21:32:37
Bjk4lSJc0be7dPWSLVwRrmiNiU93,15,931,1.32,3.74,2024-12-01T04:32:37
2mtrAfkE6OhWm5ZxNN53vvdcFuB3,35,109,2.66,3.62,2024-11-21T12:32:37
tq4oAbtsNzgkg0h3F1U2NLnlqVA3,24,1149,2.13,2.61,2024-11-15T20:32:37
2mtrAfkE6OhWm5ZxNN53vvdcFuB3,19,1901,1.31,3.18,2024-11-14T09:32:37
Bjk4lSJc0be7dPWSLVwRrmiNiU93,44,3165,1.61,2,2024-11-27T06:32:37
JgxLYJjCGec8B4lIAYQvhrTQsAL2,44,696,2.48,3.66,2024-11-17T03:32:37
tq4oAbtsNzgkg0h3F1U2NLnlqVA3,20,1612,1.74,3.19,2024-12-03T12:32:37
tq4oAbtsNzgkg0h3F1U2NLnlqVA3,16,1258,1.56,1.45,2024-11-27T10:32:37
R7skfIHBOyYOE32ioVreIP9nQLG2,31,15,2.69,2.73,2024-11-27T04:32:37
R7skfIHBOyYOE32ioVreIP9nQLG2,46,1854,2.22,1.87,2024-11-26T00:32:37
JgxLYJjCGec8B4lIAYQvhrTQsAL2,13,106,2.53,3.13,2024-12-10T12:32:37
oYsdGWC18NT9OnJJcnIfct63wEz1,18,1097,1.63,2.87,2024-12-11T11:32:37
Bjk4lSJc0be7dPWSLVwRrmiNiU93,18,1098,1.57,3.29,2024-11-19T12:32:37
2mtrAfkE6OhWm5ZxNN53vvdcFuB3,20,165,2.58,2.57,2024-11-26T08:32:37
JgxLYJjCGec8B4lIAYQvhrTQsAL2,46,4485,1.4,2.55,2024-12-05T08:32:37
oYsdGWC18NT9OnJJcnIfct63wEz1,26,556,2.28,1.39,2024-12-01T21:32:37
tq4oAbtsNzgkg0h3F1U2NLnlqVA3,23,883,1.9,3.2,2024-11-15T21:32:37
oYsdGWC18NT9OnJJcnIfct63wEz1,43,737,2.44,3.9,2024-12-10T00:32:37
GaEKRP68uxfYzAgtiCkRsqXY9g22,24,1412,1.61,2.03,2024-11-27T12:32:37
t5j7pKciWueXhIFctDKKWikt8dB3,31,2079,1.84,1.67,2024-11-14T02:32:37
JgxLYJjCGec8B4lIAYQvhrTQsAL2,50,3375,1.8,2.89,2024-12-04T22:32:37
2mtrAfkE6OhWm5ZxNN53vvdcFuB3,11,336,2.1,2.7,2024-11-26T13:32:37
R7skfIHBOyYOE32ioVreIP9nQLG2,16,1290,1.58,3.85,2024-11-20T11:32:37
JEQnUMsoZTXKkYxv4x4MRx7aaj03,12,345,2.06,2.93,2024-11-19T17:32:37
tq4oAbtsNzgkg0h3F1U2NLnlqVA3,36,2240,1.87,1.49,2024-12-09T21:32:37
WkmN9t0rnNPqjoy0ZwPlvrO8TAF3,25,1406,1.95,2.09,2024-12-09T06:32:37
Bjk4lSJc0be7dPWSLVwRrmiNiU93,19,968,1.7,2.82,2024-11-24T11:32:37
tq4oAbtsNzgkg0h3F1U2NLnlqVA3,16,8,2.69,2.05,2024-12-04T14:32:37
GaEKRP68uxfYzAgtiCkRsqXY9g22,28,1252,1.99,2.57,2024-11-17T04:32:37
2mtrAfkE6OhWm5ZxNN53vvdcFuB3,34,2447,1.74,1.5,2024-11-15T12:32:37
tq4oAbtsNzgkg0h3F1U2NLnlqVA3,15,1529,1.34,2.4,2024-11-23T09:32:37
WkmN9t0rnNPqjoy0ZwPlvrO8TAF3,34,1492,1.93,3.71,2024-12-08T13:32:37
tq4oAbtsNzgkg0h3F1U2NLnlqVA3,14,100,2.55,2.3,2024-12-11T09:32:37
Bjk4lSJc0be7dPWSLVwRrmiNiU93,10,453,2.07,2.78,2024-11-14T04:32:37
R7skfIHBOyYOE32ioVreIP9nQLG2,20,345,2.46,3.37,2024-11-28T22:32:37
JEQnUMsoZTXKkYxv4x4MRx7aaj03,17,1759,1.32,1.65,2024-12-01T18:32:37
oYsdGWC18NT9OnJJcnIfct63wEz1,30,574,2.48,2.12,2024-12-06T01:32:37
R7skfIHBOyYOE32ioVreIP9nQLG2,32,656,2.34,2.06,2024-11-22T04:32:37
Bjk4lSJc0be7dPWSLVwRrmiNiU93,49,4651,1.57,2.4,2024-12-10T01:32:37
JgxLYJjCGec8B4lIAYQvhrTQsAL2,16,299,2.45,1.52,2024-11-29T08:32:37
WkmN9t0rnNPqjoy0ZwPlvrO8TAF3,48,1543,2.03,2.92,2024-12-03T23:32:37
GaEKRP68uxfYzAgtiCkRsqXY9g22,11,631,1.83,1.39,2024-12-06T18:32:37
2mtrAfkE6OhWm5ZxNN53vvdcFuB3,24,184,2.54,1.31,2024-11-28T20:32:37
Bjk4lSJc0be7dPWSLVwRrmiNiU93,31,2276,1.68,3.42,2024-11-21T13:32:37
JEQnUMsoZTXKkYxv4x4MRx7aaj03,49,1833,2.27,2.15,2024-12-08T12:32:37
Bjk4lSJc0be7dPWSLVwRrmiNiU93,30,2688,1.67,2.52,2024-12-11T07:32:37
WkmN9t0rnNPqjoy0ZwPlvrO8TAF3,48,2545,2.02,1.61,2024-12-03T11:32:37
t5j7pKciWueXhIFctDKKWikt8dB3,17,1529,1.45,2.5,2024-11-26T00:32:37
2mtrAfkE6OhWm5ZxNN53vvdcFuB3,42,1537,2.09,3.02,2024-11-27T10:32:37
WkmN9t0rnNPqjoy0ZwPlvrO8TAF3,24,248,2.47,1.81,2024-11-22T02:32:37
oYsdGWC18NT9OnJJcnIfct63wEz1,23,1912,1.38,1.52,2024-12-10T11:32:37
JgxLYJjCGec8B4lIAYQvhrTQsAL2,25,337,2.45,3.38,2024-11-27T00:32:37
oYsdGWC18NT9OnJJcnIfct63wEz1,16,674,1.96,1.79,2024-12-07T07:32:37
Bjk4lSJc0be7dPWSLVwRrmiNiU93,10,119,2.51,2,2024-11-20T11:32:37
R7skfIHBOyYOE32ioVreIP9nQLG2,11,213,2.43,1.62,2024-11-30T01:32:37
2mtrAfkE6OhWm5ZxNN53vvdcFuB3,23,170,2.57,1.64,2024-12-01T07:32:37
oYsdGWC18NT9OnJJcnIfct63wEz1,20,1044,2.1,2.27,2024-12-05T19:32:37
GaEKRP68uxfYzAgtiCkRsqXY9g22,36,3602,1.31,1.79,2024-11-26T21:32:37
oYsdGWC18NT9OnJJcnIfct63wEz1,41,915,2.39,2.36,2024-11-28T21:32:37
JEQnUMsoZTXKkYxv4x4MRx7aaj03,23,20,2.68,2.23,2024-12-03T16:32:37
oYsdGWC18NT9OnJJcnIfct63wEz1,33,1449,2.09,3.32,2024-11-18T13:32:37
oYsdGWC18NT9OnJJcnIfct63wEz1,44,612,2.41,1.88,2024-11-25T19:32:37
JEQnUMsoZTXKkYxv4x4MRx7aaj03,49,264,2.58,1.82,2024-11-21T05:32:37
JgxLYJjCGec8B4lIAYQvhrTQsAL2,39,2800,1.37,2.31,2024-11-14T10:32:37
2mtrAfkE6OhWm5ZxNN53vvdcFuB3,29,78,2.64,3.26,2024-11-26T13:32:37
t5j7pKciWueXhIFctDKKWikt8dB3,29,2221,1.59,2.03,2024-11-18T16:32:37
WkmN9t0rnNPqjoy0ZwPlvrO8TAF3,34,1542,1.86,2.19,2024-12-03T07:32:37
2mtrAfkE6OhWm5ZxNN53vvdcFuB3,34,88,2.67,3.05,2024-12-07T04:32:37
GaEKRP68uxfYzAgtiCkRsqXY9g22,39,1490,2.21,1.99,2024-11-22T03:32:37
R7skfIHBOyYOE32ioVreIP9nQLG2,44,1056,2.3,1.65,2024-12-07T02:32:37
WkmN9t0rnNPqjoy0ZwPlvrO8TAF3,34,2028,1.53,1.86,2024-11-29T18:32:37
R7skfIHBOyYOE32ioVreIP9nQLG2,10,600,1.9,3.69,2024-12-09T16:32:37
GaEKRP68uxfYzAgtiCkRsqXY9g22,10,112,2.53,1.79,2024-11-14T04:32:37
Bjk4lSJc0be7dPWSLVwRrmiNiU93,41,3228,1.65,2.54,2024-11-14T21:32:37
tq4oAbtsNzgkg0h3F1U2NLnlqVA3,10,258,2.27,2.44,2024-11-27T00:32:37
JEQnUMsoZTXKkYxv4x4MRx7aaj03,18,613,1.99,2.61,2024-11-22T10:32:37
2mtrAfkE6OhWm5ZxNN53vvdcFuB3,44,194,2.63,2.02,2024-11-23T14:32:37
oYsdGWC18NT9OnJJcnIfct63wEz1,16,812,1.76,3.7,2024-12-02T12:32:37
WkmN9t0rnNPqjoy0ZwPlvrO8TAF3,25,674,2.2,2.29,2024-11-20T05:32:37
oYsdGWC18NT9OnJJcnIfct63wEz1,21,2484,1.34,2.91,2024-11-23T09:32:37
R7skfIHBOyYOE32ioVreIP9nQLG2,42,491,2.44,3.32,2024-12-01T01:32:37
oYsdGWC18NT9OnJJcnIfct63wEz1,32,3072,1.42,3.65,2024-11-29T19:32:37
2mtrAfkE6OhWm5ZxNN53vvdcFuB3,50,4387,1.53,1.47,2024-11-12T21:32:37
tq4oAbtsNzgkg0h3F1U2NLnlqVA3,27,1721,1.85,2.28,2024-12-01T09:32:37
R7skfIHBOyYOE32ioVreIP9nQLG2,30,1722,2.04,3.54,2024-11-29T11:32:37
JgxLYJjCGec8B4lIAYQvhrTQsAL2,46,1324,2.06,3.99,2024-12-03T01:32:37
JEQnUMsoZTXKkYxv4x4MRx7aaj03,36,1138,2.08,3.06,2024-11-23T03:32:37
R7skfIHBOyYOE32ioVreIP9nQLG2,30,41,2.68,3.62,2024-12-02T11:32:37
JgxLYJjCGec8B4lIAYQvhrTQsAL2,25,1020,2.02,3.47,2024-11-13T00:32:37
2mtrAfkE6OhWm5ZxNN53vvdcFuB3,21,813,1.94,2.53,2024-11-17T14:32:37
GaEKRP68uxfYzAgtiCkRsqXY9g22,18,437,2.16,2.66,2024-12-05T00:32:37
2mtrAfkE6OhWm5ZxNN53vvdcFuB3,18,1166,1.5,1.44,2024-12-03T01:32:37
R7skfIHBOyYOE32ioVreIP9nQLG2,27,1078,1.96,3.79,2024-11-30T05:32:37
Bjk4lSJc0be7dPWSLVwRrmiNiU93,38,2945,1.34,1.6,2024-11-27T08:32:37
JgxLYJjCGec8B4lIAYQvhrTQsAL2,28,766,2.22,3.52,2024-11-29T20:32:37
2mtrAfkE6OhWm5ZxNN53vvdcFuB3,12,275,2.19,3.43,2024-12-02T03:32:37
oYsdGWC18NT9OnJJcnIfct63wEz1,36,194,2.6,3.09,2024-11-16T08:32:37
t5j7pKciWueXhIFctDKKWikt8dB3,39,669,2.44,2.18,2024-11-20T04:32:37
JgxLYJjCGec8B4lIAYQvhrTQsAL2,21,1385,1.7,3.53,2024-11-18T19:32:37
t5j7pKciWueXhIFctDKKWikt8dB3,42,1304,2.01,2.98,2024-12-04T01:32:37
R7skfIHBOyYOE32ioVreIP9nQLG2,24,1381,1.69,2.65,2024-12-05T02:32:37
GaEKRP68uxfYzAgtiCkRsqXY9g22,11,52,2.6,2.48,2024-11-25T03:32:37
Bjk4lSJc0be7dPWSLVwRrmiNiU93,35,579,2.46,3.18,2024-11-16T08:32:37
2mtrAfkE6OhWm5ZxNN53vvdcFuB3,44,3389,1.63,3.35,2024-11-27T12:32:37
t5j7pKciWueXhIFctDKKWikt8dB3,30,720,2.3,3.49,2024-11-12T18:32:37
JEQnUMsoZTXKkYxv4x4MRx7aaj03,40,1612,2.22,3.07,2024-11-15T03:32:37
tq4oAbtsNzgkg0h3F1U2NLnlqVA3,18,972,1.8,3.59,2024-11-18T14:32:37
tq4oAbtsNzgkg0h3F1U2NLnlqVA3,33,1286,2.18,2.63,2024-12-01T02:32:37
oYsdGWC18NT9OnJJcnIfct63wEz1,21,638,2.31,2.64,2024-11-17T05:32:37
t5j7pKciWueXhIFctDKKWikt8dB3,47,513,2.57,3.45,2024-11-20T12:32:37
Bjk4lSJc0be7dPWSLVwRrmiNiU93,29,942,2.13,3.26,2024-11-22T12:32:37
WkmN9t0rnNPqjoy0ZwPlvrO8TAF3,15,1198,1.59,1.64,2024-11-14T09:32:37
Bjk4lSJc0be7dPWSLVwRrmiNiU93,26,1856,1.51,3.81,2024-11-13T16:32:37
R7skfIHBOyYOE32ioVreIP9nQLG2,48,1693,2.28,3.89,2024-11-19T22:32:37
R7skfIHBOyYOE32ioVreIP9nQLG2,42,2448,2.03,1.73,2024-11-13T16:32:37
oYsdGWC18NT9OnJJcnIfct63wEz1,13,137,2.54,2.04,2024-11-18T06:32:37
2mtrAfkE6OhWm5ZxNN53vvdcFuB3,32,2259,1.63,1.81,2024-11-19T05:32:37
Bjk4lSJc0be7dPWSLVwRrmiNiU93,39,1064,2.35,1.59,2024-11-26T09:32:37
tq4oAbtsNzgkg0h3F1U2NLnlqVA3,41,1131,2.24,3.63,2024-11-20T18:32:37
oYsdGWC18NT9OnJJcnIfct63wEz1,48,2015,2.2,2.29,2024-12-10T03:32:37
JgxLYJjCGec8B4lIAYQvhrTQsAL2,30,1644,1.83,2.51,2024-11-18T21:32:37
GaEKRP68uxfYzAgtiCkRsqXY9g22,20,539,2.2,1.91,2024-12-05T00:32:37
t5j7pKciWueXhIFctDKKWikt8dB3,36,1678,1.96,2.61,2024-12-05T16:32:37
tq4oAbtsNzgkg0h3F1U2NLnlqVA3,27,1292,1.86,1.97,2024-11-22T22:32:37
t5j7pKciWueXhIFctDKKWikt8dB3,31,110,2.63,2.98,2024-11-20T22:32:37
GaEKRP68uxfYzAgtiCkRsqXY9g22,37,3006,1.41,2,2024-11-16T04:32:37
WkmN9t0rnNPqjoy0ZwPlvrO8TAF3,22,2154,1.34,2.7,2024-11-21T09:32:37
WkmN9t0rnNPqjoy0ZwPlvrO8TAF3,50,2218,1.83,3.45,2024-11-13T11:32:37
t5j7pKciWueXhIFctDKKWikt8dB3,33,631,2.41,3.98,2024-11-24T02:32:37
2mtrAfkE6OhWm5ZxNN53vvdcFuB3,23,186,2.55,1.63,2024-11-18T02:32:37
GaEKRP68uxfYzAgtiCkRsqXY9g22,45,1879,2.12,2.62,2024-11-25T08:32:37
JgxLYJjCGec8B4lIAYQvhrTQsAL2,39,2637,1.72,2.43,2024-12-06T16:32:37
t5j7pKciWueXhIFctDKKWikt8dB3,45,2980,1.74,2.58,2024-11-24T10:32:37
tq4oAbtsNzgkg0h3F1U2NLnlqVA3,42,1292,2.16,3.53,2024-12-10T23:32:37
JEQnUMsoZTXKkYxv4x4MRx7aaj03,20,260,2.41,2.25,2024-11-27T19:32:37
JEQnUMsoZTXKkYxv4x4MRx7aaj03,28,1090,2.11,2.84,2024-12-02T02:32:37
WkmN9t0rnNPqjoy0ZwPlvrO8TAF3,22,97,2.63,2.04,2024-11-30T00:32:37
oYsdGWC18NT9OnJJcnIfct63wEz1,39,2148,2.02,3.31,2024-11-15T13:32:37
oYsdGWC18NT9OnJJcnIfct63wEz1,48,3395,1.39,3.83,2024-11-22T18:32:37
JEQnUMsoZTXKkYxv4x4MRx7aaj03,28,1315,2.12,2.79,2024-12-05T10:32:37
2mtrAfkE6OhWm5ZxNN53vvdcFuB3,15,145,2.52,1.33,2024-11-23T17:32:37
GaEKRP68uxfYzAgtiCkRsqXY9g22,39,2948,1.65,3.72,2024-12-10T05:32:37
2mtrAfkE6OhWm5ZxNN53vvdcFuB3,22,128,2.57,2.06,2024-12-04T18:32:37
JEQnUMsoZTXKkYxv4x4MRx7aaj03,37,2087,1.71,1.32,2024-12-10T00:32:37
GaEKRP68uxfYzAgtiCkRsqXY9g22,25,1397,2.01,2.11,2024-11-15T06:32:37
Bjk4lSJc0be7dPWSLVwRrmiNiU93,24,97,2.61,2.74,2024-11-19T22:32:37
2mtrAfkE6OhWm5ZxNN53vvdcFuB3,14,1462,1.41,3.89,2024-12-07T00:32:37
Bjk4lSJc0be7dPWSLVwRrmiNiU93,28,226,2.6,2.14,2024-11-25T10:32:37
WkmN9t0rnNPqjoy0ZwPlvrO8TAF3,25,67,2.64,3.67,2024-12-02T18:32:37
JgxLYJjCGec8B4lIAYQvhrTQsAL2,15,36,2.67,3.31,2024-12-09T18:32:37
GaEKRP68uxfYzAgtiCkRsqXY9g22,21,1443,1.91,3.8,2024-12-03T08:32:37
R7skfIHBOyYOE32ioVreIP9nQLG2,21,1005,2.13,3.97,2024-12-06T14:32:37
t5j7pKciWueXhIFctDKKWikt8dB3,30,459,2.36,3,2024-11-30T22:32:37
JEQnUMsoZTXKkYxv4x4MRx7aaj03,24,2604,1.36,2.71,2024-11-25T16:32:37
oYsdGWC18NT9OnJJcnIfct63wEz1,23,447,2.43,2.21,2024-11-20T14:32:37
tq4oAbtsNzgkg0h3F1U2NLnlqVA3,30,1101,2.19,3.42,2024-11-14T17:32:37
tq4oAbtsNzgkg0h3F1U2NLnlqVA3,50,2436,2.12,2.35,2024-11-22T18:32:37
2mtrAfkE6OhWm5ZxNN53vvdcFuB3,39,157,2.65,3.87,2024-11-19T23:32:37
tq4oAbtsNzgkg0h3F1U2NLnlqVA3,42,2938,1.64,2.64,2024-11-19T08:32:37
tq4oAbtsNzgkg0h3F1U2NLnlqVA3,34,1583,1.73,3.93,2024-12-10T08:32:37
2mtrAfkE6OhWm5ZxNN53vvdcFuB3,15,1020,1.89,3.97,2024-11-13T16:32:37
tq4oAbtsNzgkg0h3F1U2NLnlqVA3,19,478,2.28,3.87,2024-12-10T10:32:37
tq4oAbtsNzgkg0h3F1U2NLnlqVA3,37,257,2.62,2.87,2024-12-06T16:32:37
2mtrAfkE6OhWm5ZxNN53vvdcFuB3,26,2368,1.38,1.37,2024-11-14T04:32:37
tq4oAbtsNzgkg0h3F1U2NLnlqVA3,35,1266,2.03,3.09,2024-12-11T10:32:37
Bjk4lSJc0be7dPWSLVwRrmiNiU93,26,1541,1.66,2.24,2024-11-27T03:32:37
R7skfIHBOyYOE32ioVreIP9nQLG2,38,775,2.36,2.02,2024-11-20T14:32:37
WkmN9t0rnNPqjoy0ZwPlvrO8TAF3,15,719,1.7,2.26,2024-12-08T11:32:37
tq4oAbtsNzgkg0h3F1U2NLnlqVA3,48,2914,1.78,1.37,2024-12-08T02:32:37
WkmN9t0rnNPqjoy0ZwPlvrO8TAF3,14,15,2.68,1.41,2024-11-16T20:32:37
JgxLYJjCGec8B4lIAYQvhrTQsAL2,37,390,2.48,2.24,2024-11-25T09:32:37
R7skfIHBOyYOE32ioVreIP9nQLG2,38,1896,1.66,2.86,2024-11-28T14:32:37
tq4oAbtsNzgkg0h3F1U2NLnlqVA3,25,2156,1.45,3.33,2024-12-09T19:32:37
JEQnUMsoZTXKkYxv4x4MRx7aaj03,43,3386,1.65,2.12,2024-11-23T08:32:37
JEQnUMsoZTXKkYxv4x4MRx7aaj03,50,5165,1.47,3.48,2024-11-17T23:32:37
oYsdGWC18NT9OnJJcnIfct63wEz1,20,469,2.41,3.76,2024-11-16T19:32:37
R7skfIHBOyYOE32ioVreIP9nQLG2,23,1243,1.64,2.08,2024-11-30T04:32:37
R7skfIHBOyYOE32ioVreIP9nQLG2,27,1020,2.25,3.82,2024-11-14T14:32:37
JgxLYJjCGec8B4lIAYQvhrTQsAL2,30,1333,1.92,1.35,2024-11-30T13:32:37
WkmN9t0rnNPqjoy0ZwPlvrO8TAF3,17,532,2.34,2.53,2024-12-04T01:32:37
GaEKRP68uxfYzAgtiCkRsqXY9g22,29,1479,1.89,1.69,2024-11-17T21:32:37
2mtrAfkE6OhWm5ZxNN53vvdcFuB3,44,4036,1.31,2.46,2024-12-06T07:32:37
Bjk4lSJc0be7dPWSLVwRrmiNiU93,17,605,2.26,1.41,2024-12-09T17:32:37
tq4oAbtsNzgkg0h3F1U2NLnlqVA3,49,3282,1.93,1.99,2024-11-21T22:32:37
JEQnUMsoZTXKkYxv4x4MRx7aaj03,35,3855,1.34,2.53,2024-12-02T00:32:37
R7skfIHBOyYOE32ioVreIP9nQLG2,43,2136,1.78,2.06,2024-12-04T14:32:37
2mtrAfkE6OhWm5ZxNN53vvdcFuB3,50,462,2.56,1.57,2024-12-10T11:32:37
2mtrAfkE6OhWm5ZxNN53vvdcFuB3,28,497,2.33,3.22,2024-12-07T04:32:37
t5j7pKciWueXhIFctDKKWikt8dB3,28,1164,2.07,3.04,2024-12-07T07:32:37
tq4oAbtsNzgkg0h3F1U2NLnlqVA3,22,1591,1.36,3.31,2024-11-30T08:32:37
2mtrAfkE6OhWm5ZxNN53vvdcFuB3,18,950,1.9,2.29,2024-11-21T12:32:37
JgxLYJjCGec8B4lIAYQvhrTQsAL2,48,2059,2.15,1.48,2024-11-12T22:32:37
t5j7pKciWueXhIFctDKKWikt8dB3,13,1442,1.33,3.62,2024-11-26T09:32:37
